{
  "random_seed": 42,
  "created_at": "2026-02-11T16:54:28.344133",
  "variant": "normalized_differential_circadian",
  "n_subjects_train": 24,
  "n_subjects_test": 7,
  "n_samples_train": 21652,
  "n_samples_test": 6439,
  "rem_ratio_train": 0.19619434694254573,
  "rem_ratio_test": 0.20205000776518092,
  "train_subjects": [
    "844359",
    "46343",
    "1066528",
    "1818471",
    "5797046",
    "2598705",
    "5132496",
    "4426783",
    "8173033",
    "1360686",
    "1449548",
    "8530312",
    "1455390",
    "8000685",
    "8686948",
    "759667",
    "9961348",
    "781756",
    "3509524",
    "4314139",
    "5383425",
    "9106476",
    "7749105",
    "2638030"
  ],
  "test_subjects": [
    "8692923",
    "5498603",
    "8258170",
    "6220552",
    "3997827",
    "4018081",
    "9618981"
  ],
  "feature_names": [
    "hr_feature",
    "activity_feature",
    "time_hours",
    "hr_delta",
    "activity_delta",
    "hr_roll_mean",
    "hr_roll_std",
    "activity_roll_mean",
    "activity_roll_std",
    "circadian_phase",
    "sleep_circadian_interaction"
  ]
}