{
  "random_seed": 42,
  "created_at": "2026-02-11T14:13:27.675373",
  "n_subjects_total": 31,
  "n_subjects_train": 24,
  "n_subjects_test": 7,
  "n_samples_train": 21582,
  "n_samples_test": 6509,
  "rem_ratio_train": 0.19882309331850617,
  "rem_ratio_test": 0.19327085573820862,
  "train_subjects": [
    "8692923",
    "3997827",
    "2638030",
    "6220552",
    "9961348",
    "5498603",
    "4426783",
    "5132496",
    "8258170",
    "781756",
    "5383425",
    "8173033",
    "1360686",
    "46343",
    "2598705",
    "9618981",
    "8000685",
    "4314139",
    "7749105",
    "8686948",
    "1455390",
    "759667",
    "3509524",
    "5797046"
  ],
  "test_subjects": [
    "1449548",
    "1818471",
    "9106476",
    "4018081",
    "8530312",
    "1066528",
    "844359"
  ],
  "feature_names": [
    "hr_feature",
    "activity_feature",
    "time_hours"
  ]
}